,readiness
0,6.0
1,8.0
2,8.0
3,8.0
4,5.0
5,7.0
6,7.0
7,8.0
8,7.0
9,4.0
10,7.0
11,7.0
12,5.0
13,6.0
14,6.0
15,8.0
16,5.0
17,7.0
18,7.0
19,4.0
20,8.0
21,6.0
22,7.0
23,7.0
24,5.0
25,7.0
26,4.0
27,6.0
28,7.0
29,8.0
30,7.0
31,5.0
32,6.0
33,3.0
34,6.0
35,6.0
36,4.0
37,4.0
38,6.0
39,6.0
40,7.0
41,7.0
42,7.0
43,7.0
44,7.0
45,7.0
46,8.0
47,7.0
48,4.0
49,5.0
50,6.0
51,6.0
52,7.0
53,7.0
54,7.0
55,5.0
56,5.0
57,6.0
58,6.0
59,7.0
60,5.0
61,5.0
62,6.0
63,5.0
64,7.0
65,4.0
66,7.0
67,6.0
68,7.0
69,4.0
70,5.0
71,7.0
72,6.0
73,6.0
74,4.0
75,4.0
76,6.0
77,7.0
78,7.0
79,8.0
80,3.0
81,5.0
82,7.0
83,6.0
84,7.0
85,8.0
86,6.0
87,3.0
88,5.0
89,7.0
90,8.0
91,6.0
92,7.0
93,7.0
94,3.0
95,4.0
96,5.0
97,6.0
98,7.0
99,8.0
100,8.0
101,5.0
102,8.0
103,7.0
104,7.0
105,7.0
106,5.0
107,6.0
108,8.0
109,6.0
110,5.0
111,4.0
112,5.0
113,4.0
114,6.0
115,4.0
116,5.0
117,2.0
118,6.0
119,6.0
120,6.0
121,5.0
122,2.0
123,2.0
124,2.0
125,2.0
126,3.0
127,4.0
128,4.0
129,5.0
130,5.0
131,4.0
132,4.0
133,5.0
134,4.0
135,5.0
136,3.0
137,3.0
138,3.0
139,4.0
140,4.0
141,3.0
142,5.0
143,2.0
144,6.0
145,5.0
146,5.0
147,4.0
148,5.0
149,4.0
150,5.0
151,6.0
152,7.0
153,4.0
154,3.0
155,5.0
156,4.0
157,3.0
158,3.0
159,5.0
160,5.0
161,6.0
162,5.0
163,5.0
164,5.0
165,5.0
166,5.0
167,5.0
168,5.0
169,4.0
170,6.0
171,5.0
172,5.0
173,7.0
174,6.0
175,5.0
176,5.0
177,5.0
178,5.0
179,5.0
180,5.0
181,5.0
182,5.0
183,5.0
184,5.0
185,5.0
186,5.0
187,5.0
188,5.0
189,5.0
190,5.0
191,5.0
192,5.0
193,3.0
194,4.0
195,5.0
196,5.0
197,5.0
198,5.0
199,5.0
200,5.0
201,5.0
202,5.0
203,5.0
204,6.0
205,4.0
206,5.0
207,5.0
208,5.0
209,5.0
210,5.0
211,5.0
212,5.0
213,5.0
214,5.0
215,5.0
216,5.0
217,5.0
218,5.0
219,5.0
220,5.0
221,5.0
222,5.0
223,5.0
224,5.0
225,5.0
226,5.0
227,5.0
228,5.0
229,5.0
230,5.0
231,5.0
232,5.0
233,5.0
234,5.0
235,5.0
236,6.0
237,7.0
238,5.0
239,6.0
240,5.0
241,7.0
242,6.0
243,6.0
244,6.0
245,6.0
246,3.0
247,6.0
248,4.0
249,6.0
250,6.0
251,6.0
252,7.0
253,5.0
254,6.0
255,4.0
256,6.0
257,4.0
258,7.0
259,4.0
260,7.0
261,5.0
262,3.0
263,6.0
264,6.0
265,6.0
266,6.0
267,5.0
268,6.0
269,5.0
270,7.0
271,5.0
272,6.0
273,5.0
274,6.0
275,5.0
276,5.0
277,6.0
278,6.0
279,6.0
280,6.0
281,4.0
282,5.0
283,6.0
284,5.0
285,5.0
286,3.0
287,5.0
288,5.0
289,5.0
290,5.0
291,4.0
292,6.0
293,3.0
294,4.0
295,5.0
296,3.0
297,6.0
298,6.0
299,6.0
300,5.0
301,6.0
302,6.0
303,5.0
304,5.0
305,4.0
306,5.0
307,6.0
308,5.0
309,7.0
310,6.0
311,4.0
312,4.0
313,4.0
314,3.0
315,5.0
316,6.0
317,5.0
318,4.0
319,5.0
320,5.0
321,3.0
322,4.0
323,4.0
324,5.0
325,5.0
326,4.0
327,6.0
328,4.0
329,6.0
330,5.0
331,6.0
332,6.0
333,6.0
334,7.0
335,6.0
336,5.0
337,5.0
338,5.0
339,5.0
340,0.0
341,0.0
342,0.0
343,0.0
344,0.0
345,0.0
346,0.0
347,0.0
348,0.0
349,0.0
350,0.0
351,0.0
352,0.0
353,0.0
354,0.0
355,0.0
356,0.0
357,0.0
358,0.0
359,0.0
360,0.0
361,0.0
362,0.0
363,0.0
364,0.0
365,0.0
366,0.0
367,0.0
368,0.0
369,0.0
370,0.0
371,0.0
372,0.0
373,0.0
374,0.0
375,0.0
376,0.0
377,0.0
378,0.0
379,0.0
380,0.0
381,0.0
382,0.0
383,0.0
384,0.0
385,0.0
386,5.0
387,0.0
388,0.0
389,0.0
390,0.0
391,0.0
392,0.0
393,0.0
394,0.0
395,0.0
396,5.0
397,0.0
398,0.0
399,5.0
400,5.0
401,5.0
402,5.0
403,5.0
404,5.0
405,5.0
406,5.0
407,5.0
408,5.0
409,5.0
410,5.0
411,5.0
412,5.0
413,5.0
414,5.0
415,5.0
416,5.0
417,5.0
418,5.0
419,5.0
420,5.0
421,5.0
422,5.0
423,5.0
424,5.0
425,5.0
426,5.0
427,5.0
428,5.0
429,4.0
430,5.0
431,3.0
432,5.0
433,5.0
434,5.0
435,5.0
436,5.0
437,5.0
438,5.0
439,6.0
440,4.0
441,8.0
442,8.0
443,5.0
444,7.0
445,8.0
446,4.0
447,8.0
448,8.0
449,7.0
450,7.0
451,5.0
452,7.0
453,6.0
454,5.0
455,6.0
456,3.0
457,6.0
458,4.0
459,5.0
460,3.0
461,7.0
462,3.0
463,4.0
464,4.0
465,6.0
466,5.0
467,6.0
468,6.0
469,4.0
470,5.0
471,7.0
472,6.0
473,7.0
474,7.0
475,7.0
476,6.0
477,4.0
478,6.0
479,6.0
480,7.0
481,7.0
482,3.0
483,6.0
484,6.0
485,3.0
486,2.0
487,3.0
488,4.0
489,8.0
490,6.0
491,6.0
492,6.0
493,3.0
494,4.0
495,3.0
496,5.0
497,3.0
498,5.0
499,6.0
500,6.0
501,2.0
502,6.0
503,8.0
504,3.0
505,2.0
506,2.0
507,4.0
508,2.0
509,7.0
510,4.0
511,4.0
512,5.0
513,3.0
514,4.0
515,3.0
516,5.0
517,5.0
518,3.0
519,3.0
520,7.0
521,5.0
522,4.0
523,3.0
524,6.0
525,4.0
526,4.0
527,4.0
528,4.0
529,3.0
530,6.0
531,5.0
532,5.0
533,3.0
534,6.0
535,5.0
536,5.0
537,6.0
538,5.0
539,3.0
540,5.0
541,7.0
542,6.0
543,6.0
544,6.0
545,3.0
546,3.0
547,5.0
548,6.0
549,2.0
550,6.0
551,4.0
552,8.0
553,4.0
554,2.0
555,6.0
556,4.0
557,4.0
558,6.0
559,6.0
560,2.0
561,5.0
562,4.0
563,2.0
564,3.0
565,4.0
566,5.0
567,4.0
568,5.0
569,4.0
570,6.0
571,4.0
572,4.0
573,1.0
574,3.0
575,5.0
576,3.0
577,3.0
578,5.0
579,3.0
580,2.0
581,5.0
582,3.0
583,5.0
584,2.0
585,4.0
586,5.0
587,4.0
588,6.0
589,3.0
590,2.0
591,4.0
592,6.0
593,1.0
594,2.0
595,5.0
596,6.0
597,2.0
598,4.0
599,3.0
600,4.0
601,5.0
602,2.0
603,1.0
604,2.0
605,2.0
606,3.0
607,3.0
608,3.0
609,4.0
610,3.0
611,3.0
612,5.0
613,5.0
614,5.0
615,5.0
616,2.0
617,3.0
618,5.0
619,5.0
620,4.0
621,4.0
622,5.0
623,3.0
624,3.0
625,3.0
626,6.0
627,4.0
628,4.0
629,4.0
630,4.0
631,3.0
632,2.0
633,3.0
634,4.0
635,2.0
636,4.0
637,4.0
638,4.0
639,3.0
640,3.0
641,4.0
642,3.0
643,4.0
644,4.0
645,3.0
646,3.0
647,3.0
648,4.0
649,6.0
650,3.0
651,3.0
652,5.0
653,3.0
654,2.0
655,1.0
656,2.0
657,1.0
658,3.0
659,3.0
660,4.0
661,6.0
662,6.0
663,7.0
664,7.0
665,3.0
666,4.0
667,7.0
668,5.0
669,7.0
670,6.0
671,5.0
672,6.0
673,7.0
674,6.0
675,7.0
676,2.0
677,4.0
678,6.0
679,4.0
680,5.0
681,5.0
682,3.0
683,6.0
684,5.0
685,7.0
686,4.0
687,2.0
688,3.0
689,6.0
690,2.0
691,7.0
692,7.0
693,2.0
694,4.0
695,4.0
696,7.0
697,4.0
698,5.0
699,5.0
700,5.0
701,5.0
702,2.0
703,0.0
704,0.0
705,0.0
706,2.0
707,4.0
708,3.0
709,4.0
710,6.0
711,5.0
712,5.0
713,7.0
714,4.0
715,5.0
716,4.0
717,8.0
718,5.0
719,7.0
720,5.0
721,5.0
722,4.0
723,6.0
724,5.0
725,5.0
726,7.0
727,5.0
728,5.0
729,4.0
730,5.0
731,6.0
732,5.0
733,5.0
734,4.0
735,6.0
736,6.0
737,6.0
738,5.0
739,5.0
740,5.0
741,6.0
742,6.0
743,5.0
744,4.0
745,7.0
746,6.0
747,5.0
748,5.0
749,5.0
750,6.0
751,5.0
752,3.0
753,4.0
754,5.0
755,5.0
756,7.0
757,5.0
758,4.0
759,4.0
760,4.0
761,4.0
762,4.0
763,4.0
764,4.0
765,5.0
766,5.0
767,4.0
768,4.0
769,5.0
770,5.0
771,4.0
772,5.0
773,4.0
774,5.0
775,4.0
776,4.0
777,4.0
778,5.0
779,5.0
780,2.0
781,6.0
782,5.0
783,4.0
784,4.0
785,5.0
786,4.0
787,3.0
788,6.0
789,5.0
790,5.0
791,4.0
792,2.0
793,5.0
794,6.0
795,5.0
796,4.0
797,6.0
798,4.0
799,4.0
800,3.0
801,4.0
802,5.0
803,2.0
804,5.0
805,5.0
806,5.0
807,3.0
808,8.0
809,5.0
810,2.0
811,5.0
812,3.0
813,3.0
814,1.0
815,3.0
816,2.0
817,5.0
818,5.0
819,5.0
820,2.0
821,3.0
822,5.0
823,5.0
824,3.0
825,2.0
826,3.0
827,2.0
828,0.0
829,0.0
830,0.0
831,2.0
832,3.0
833,3.0
834,3.0
835,3.0
836,4.0
837,3.0
838,4.0
839,5.0
840,3.0
841,4.0
842,4.0
843,3.0
844,5.0
845,5.0
846,5.0
847,4.0
848,4.0
849,3.0
850,2.0
851,4.0
852,3.0
853,1.0
854,4.0
855,3.0
856,5.0
857,2.0
858,6.0
859,4.0
860,2.0
861,3.0
862,4.0
863,4.0
864,3.0
865,2.0
866,3.0
867,5.0
868,5.0
869,3.0
870,3.0
871,3.0
872,4.0
873,0.0
874,7.0
875,7.0
876,7.0
877,3.0
878,4.0
879,5.0
880,7.0
881,7.0
882,7.0
883,6.0
884,8.0
885,7.0
886,7.0
887,7.0
888,7.0
889,6.0
890,6.0
891,5.0
892,5.0
893,5.0
894,4.0
895,7.0
896,5.0
897,5.0
898,5.0
899,3.0
900,5.0
901,6.0
902,6.0
903,6.0
904,6.0
905,5.0
906,5.0
907,5.0
908,3.0
909,5.0
910,5.0
911,5.0
912,5.0
913,5.0
914,6.0
915,7.0
916,6.0
917,6.0
918,7.0
919,6.0
920,5.0
921,5.0
922,6.0
923,5.0
924,5.0
925,7.0
926,7.0
927,5.0
928,6.0
929,6.0
930,7.0
931,5.0
932,4.0
933,4.0
934,6.0
935,6.0
936,5.0
937,4.0
938,5.0
939,6.0
940,4.0
941,5.0
942,5.0
943,6.0
944,5.0
945,5.0
946,5.0
947,8.0
948,3.0
949,7.0
950,5.0
951,6.0
952,5.0
953,6.0
954,7.0
955,5.0
956,4.0
957,6.0
958,6.0
959,6.0
960,7.0
961,7.0
962,6.0
963,8.0
964,8.0
965,8.0
966,8.0
967,7.0
968,7.0
969,7.0
970,7.0
971,8.0
972,7.0
973,8.0
974,8.0
975,8.0
976,7.0
977,7.0
978,8.0
979,8.0
980,6.0
981,7.0
982,7.0
983,7.0
984,5.0
985,6.0
986,5.0
987,6.0
988,7.0
989,7.0
990,6.0
991,6.0
992,7.0
993,7.0
994,7.0
995,7.0
996,7.0
997,8.0
998,8.0
999,7.0
1000,7.0
1001,7.0
1002,7.0
1003,7.0
1004,7.0
1005,7.0
1006,7.0
1007,7.0
1008,7.0
1009,7.0
1010,7.0
1011,6.0
1012,6.0
1013,7.0
1014,7.0
1015,7.0
1016,7.0
1017,7.0
1018,7.0
1019,7.0
1020,5.0
1021,6.0
1022,4.0
1023,6.0
1024,5.0
1025,6.0
1026,7.0
1027,7.0
1028,7.0
1029,7.0
1030,7.0
1031,7.0
1032,6.0
1033,7.0
1034,7.0
1035,6.0
1036,8.0
1037,6.0
1038,7.0
1039,7.0
1040,5.0
1041,5.0
1042,6.0
1043,6.0
1044,7.0
1045,8.0
1046,9.0
1047,10.0
1048,8.0
1049,9.0
1050,7.0
1051,7.0
1052,1.0
1053,9.0
1054,7.0
1055,6.0
1056,7.0
1057,4.0
1058,6.0
1059,5.0
1060,3.0
1061,5.0
1062,7.0
1063,8.0
1064,6.0
1065,7.0
1066,10.0
1067,7.0
1068,9.0
1069,7.0
1070,7.0
1071,7.0
1072,5.0
1073,4.0
1074,6.0
1075,8.0
1076,6.0
1077,0.0
1078,7.0
1079,4.0
1080,7.0
1081,4.0
1082,7.0
1083,6.0
1084,3.0
1085,10.0
1086,8.0
1087,8.0
1088,7.0
1089,7.0
1090,8.0
1091,8.0
1092,8.0
1093,6.0
1094,7.0
1095,7.0
1096,8.0
1097,5.0
1098,6.0
1099,2.0
1100,6.0
1101,8.0
1102,7.0
1103,8.0
1104,8.0
1105,8.0
1106,5.0
1107,8.0
1108,6.0
1109,6.0
1110,5.0
1111,0.0
1112,5.0
1113,6.0
1114,5.0
1115,4.0
1116,4.0
1117,4.0
1118,5.0
1119,3.0
1120,4.0
1121,5.0
1122,4.0
1123,5.0
1124,4.0
1125,4.0
1126,4.0
1127,4.0
1128,4.0
1129,4.0
1130,5.0
1131,5.0
1132,5.0
1133,4.0
1134,4.0
1135,5.0
1136,4.0
1137,4.0
1138,5.0
1139,5.0
1140,4.0
1141,4.0
1142,5.0
1143,4.0
1144,4.0
1145,3.0
1146,4.0
1147,4.0
1148,4.0
1149,4.0
1150,4.0
1151,5.0
1152,3.0
1153,3.0
1154,4.0
1155,4.0
1156,5.0
1157,3.0
1158,4.0
1159,4.0
1160,4.0
1161,4.0
1162,4.0
1163,4.0
1164,5.0
1165,4.0
1166,3.0
1167,5.0
1168,4.0
1169,5.0
1170,4.0
1171,5.0
1172,4.0
1173,4.0
1174,4.0
1175,0.0
1176,0.0
1177,0.0
1178,0.0
1179,0.0
1180,0.0
1181,0.0
1182,0.0
1183,0.0
1184,0.0
1185,0.0
1186,0.0
1187,0.0
1188,0.0
1189,0.0
1190,0.0
1191,0.0
1192,0.0
1193,0.0
1194,0.0
1195,0.0
1196,0.0
1197,0.0
1198,0.0
1199,0.0
1200,0.0
1201,0.0
1202,0.0
1203,0.0
1204,0.0
1205,0.0
1206,0.0
1207,0.0
1208,0.0
1209,0.0
1210,0.0
1211,0.0
1212,0.0
1213,0.0
1214,0.0
1215,0.0
1216,0.0
1217,0.0
1218,0.0
1219,0.0
1220,0.0
1221,0.0
1222,0.0
1223,0.0
1224,0.0
1225,0.0
1226,0.0
1227,0.0
1228,0.0
1229,0.0
1230,0.0
1231,0.0
1232,0.0
1233,0.0
1234,0.0
1235,0.0
1236,0.0
1237,0.0
1238,0.0
1239,0.0
1240,0.0
1241,0.0
1242,0.0
1243,0.0
1244,0.0
1245,0.0
1246,0.0
1247,0.0
1248,0.0
1249,0.0
1250,0.0
1251,0.0
1252,0.0
1253,0.0
1254,0.0
1255,0.0
1256,0.0
1257,0.0
1258,0.0
1259,0.0
1260,0.0
1261,0.0
1262,0.0
1263,0.0
1264,0.0
1265,0.0
1266,0.0
1267,0.0
1268,0.0
1269,0.0
1270,0.0
1271,0.0
1272,0.0
1273,0.0
1274,0.0
1275,0.0
1276,0.0
1277,0.0
1278,0.0
1279,0.0
1280,0.0
1281,0.0
1282,0.0
1283,0.0
1284,0.0
1285,0.0
1286,0.0
1287,0.0
1288,0.0
1289,0.0
1290,0.0
1291,0.0
1292,0.0
1293,0.0
1294,0.0
1295,0.0
1296,0.0
1297,0.0
1298,0.0
1299,0.0
1300,0.0
1301,0.0
1302,0.0
1303,0.0
1304,0.0
1305,0.0
1306,0.0
1307,0.0
1308,0.0
1309,0.0
1310,0.0
1311,0.0
1312,0.0
1313,0.0
1314,0.0
1315,0.0
1316,0.0
1317,0.0
1318,0.0
1319,0.0
1320,0.0
1321,0.0
1322,0.0
1323,0.0
1324,0.0
1325,0.0
1326,0.0
1327,0.0
1328,0.0
1329,0.0
1330,0.0
1331,0.0
1332,0.0
1333,0.0
1334,0.0
1335,0.0
1336,0.0
1337,0.0
1338,0.0
1339,0.0
1340,0.0
1341,0.0
1342,0.0
1343,0.0
1344,0.0
1345,0.0
1346,0.0
1347,0.0
1348,0.0
1349,0.0
1350,0.0
1351,0.0
1352,0.0
1353,0.0
1354,0.0
1355,0.0
1356,0.0
1357,0.0
1358,0.0
1359,0.0
1360,0.0
1361,0.0
1362,0.0
1363,0.0
1364,0.0
1365,0.0
1366,0.0
1367,0.0
1368,0.0
1369,0.0
1370,0.0
1371,0.0
1372,0.0
1373,0.0
1374,0.0
1375,0.0
1376,0.0
1377,0.0
1378,0.0
1379,0.0
1380,0.0
1381,0.0
1382,0.0
1383,0.0
1384,0.0
1385,0.0
1386,0.0
1387,0.0
1388,0.0
1389,0.0
1390,0.0
1391,0.0
1392,0.0
1393,0.0
1394,0.0
1395,0.0
1396,0.0
1397,0.0
1398,0.0
1399,0.0
1400,0.0
1401,0.0
1402,0.0
1403,0.0
1404,0.0
1405,0.0
1406,0.0
1407,0.0
1408,0.0
1409,0.0
1410,0.0
1411,0.0
1412,0.0
1413,0.0
1414,0.0
1415,0.0
1416,0.0
1417,0.0
1418,0.0
1419,0.0
1420,0.0
1421,0.0
1422,0.0
1423,0.0
1424,0.0
1425,0.0
1426,0.0
1427,0.0
1428,0.0
1429,0.0
1430,0.0
1431,0.0
1432,0.0
1433,0.0
1434,0.0
1435,0.0
1436,0.0
1437,0.0
1438,0.0
1439,0.0
1440,0.0
1441,0.0
1442,0.0
1443,0.0
1444,0.0
1445,0.0
1446,1.0
1447,1.0
1448,1.0
1449,1.0
1450,1.0
1451,1.0
1452,1.0
1453,1.0
1454,1.0
1455,1.0
1456,1.0
1457,1.0
1458,1.0
1459,1.0
1460,1.0
1461,1.0
1462,1.0
1463,1.0
1464,1.0
1465,1.0
1466,1.0
1467,1.0
1468,1.0
1469,1.0
1470,1.0
1471,1.0
1472,1.0
1473,1.0
1474,1.0
1475,1.0
1476,1.0
1477,1.0
1478,1.0
1479,1.0
1480,1.0
1481,1.0
1482,1.0
1483,1.0
1484,1.0
1485,1.0
1486,1.0
1487,1.0
1488,1.0
1489,1.0
1490,1.0
1491,1.0
1492,1.0
1493,1.0
1494,1.0
1495,1.0
1496,1.0
1497,1.0
1498,1.0
1499,1.0
1500,1.0
1501,1.0
1502,1.0
1503,1.0
1504,1.0
1505,1.0
1506,1.0
1507,1.0
1508,1.0
1509,1.0
1510,1.0
1511,1.0
1512,1.0
1513,1.0
1514,1.0
1515,1.0
1516,1.0
1517,1.0
1518,1.0
1519,1.0
1520,1.0
1521,1.0
1522,1.0
1523,1.0
1524,1.0
1525,1.0
1526,1.0
1527,1.0
1528,1.0
1529,1.0
1530,1.0
1531,1.0
1532,1.0
1533,1.0
1534,1.0
1535,1.0
1536,1.0
1537,1.0
1538,1.0
1539,1.0
1540,1.0
1541,1.0
1542,1.0
1543,1.0
1544,1.0
1545,1.0
1546,1.0
1547,1.0
1548,1.0
1549,1.0
1550,1.0
1551,1.0
1552,1.0
1553,1.0
1554,1.0
1555,1.0
1556,1.0
1557,1.0
1558,1.0
1559,1.0
1560,1.0
1561,1.0
1562,1.0
1563,1.0
1564,1.0
1565,1.0
1566,1.0
1567,1.0
1568,1.0
1569,1.0
1570,1.0
1571,1.0
1572,1.0
1573,1.0
1574,1.0
1575,1.0
1576,1.0
1577,1.0
1578,1.0
1579,1.0
1580,1.0
1581,1.0
1582,1.0
1583,1.0
1584,1.0
1585,1.0
1586,1.0
1587,1.0
1588,1.0
1589,1.0
1590,1.0
1591,1.0
1592,1.0
1593,1.0
1594,1.0
1595,1.0
1596,1.0
1597,1.0
1598,1.0
1599,1.0
1600,1.0
1601,1.0
1602,1.0
1603,1.0
1604,1.0
1605,1.0
1606,1.0
1607,1.0
1608,1.0
1609,1.0
1610,1.0
1611,1.0
1612,1.0
1613,1.0
1614,1.0
1615,1.0
1616,1.0
1617,1.0
1618,1.0
1619,1.0
1620,1.0
1621,1.0
1622,1.0
1623,1.0
1624,1.0
1625,1.0
1626,1.0
1627,1.0
1628,1.0
1629,1.0
1630,1.0
1631,1.0
1632,1.0
1633,1.0
1634,1.0
1635,1.0
1636,1.0
1637,1.0
1638,1.0
1639,1.0
1640,1.0
1641,1.0
1642,1.0
1643,1.0
1644,1.0
1645,1.0
1646,1.0
1647,1.0
1648,1.0
1649,1.0
1650,1.0
1651,1.0
1652,1.0
1653,1.0
1654,1.0
1655,1.0
1656,1.0
1657,1.0
1658,1.0
1659,1.0
1660,1.0
1661,1.0
1662,1.0
1663,1.0
1664,1.0
1665,1.0
1666,1.0
1667,1.0
1668,1.0
1669,1.0
1670,1.0
1671,1.0
1672,1.0
1673,1.0
1674,1.0
1675,1.0
1676,1.0
1677,1.0
1678,1.0
1679,1.0
1680,1.0
1681,1.0
1682,1.0
1683,1.0
1684,1.0
1685,1.0
1686,1.0
1687,1.0
1688,1.0
1689,1.0
1690,1.0
1691,1.0
1692,1.0
1693,1.0
1694,1.0
1695,1.0
1696,1.0
1697,1.0
1698,1.0
1699,1.0
1700,1.0
1701,1.0
1702,1.0
1703,1.0
1704,1.0
1705,1.0
1706,1.0
1707,1.0
1708,1.0
1709,1.0
1710,1.0
1711,1.0
1712,1.0
1713,1.0
1714,1.0
1715,1.0
1716,1.0
1717,1.0
1718,1.0
1719,1.0
1720,1.0
1721,1.0
1722,1.0
1723,1.0
1724,1.0
1725,1.0
1726,1.0
1727,1.0
1728,1.0
1729,1.0
1730,1.0
1731,1.0
1732,1.0
1733,1.0
1734,1.0
1735,1.0
1736,1.0
1737,1.0
1738,1.0
1739,1.0
1740,1.0
1741,1.0
1742,1.0
1743,1.0
1744,1.0
1745,1.0
1746,1.0
1747,1.0
1748,1.0
1749,1.0
1750,1.0
1751,1.0
1752,1.0
1753,1.0
1754,1.0
1755,1.0
1756,1.0
1757,1.0
1758,1.0
1759,1.0
1760,1.0
1761,1.0
1762,1.0
1763,1.0
1764,1.0
1765,1.0
1766,1.0
1767,1.0
1768,1.0
1769,1.0
1770,1.0
1771,1.0
1772,1.0
1773,1.0
1774,1.0
1775,2.0
1776,2.0
1777,2.0
1778,2.0
1779,2.0
1780,2.0
1781,2.0
1782,2.0
1783,2.0
1784,2.0
1785,2.0
1786,2.0
1787,2.0
1788,2.0
1789,2.0
1790,2.0
1791,2.0
1792,2.0
1793,2.0
1794,2.0
1795,2.0
1796,2.0
1797,2.0
1798,2.0
1799,2.0
1800,2.0
1801,2.0
1802,2.0
1803,2.0
1804,2.0
1805,2.0
1806,2.0
1807,2.0
1808,2.0
1809,2.0
1810,2.0
1811,2.0
1812,2.0
1813,2.0
1814,2.0
1815,2.0
1816,2.0
1817,2.0
1818,2.0
1819,2.0
1820,2.0
1821,2.0
1822,2.0
1823,2.0
1824,2.0
1825,2.0
1826,2.0
1827,2.0
1828,2.0
1829,2.0
1830,2.0
1831,2.0
1832,2.0
1833,2.0
1834,2.0
1835,2.0
1836,2.0
1837,2.0
1838,2.0
1839,2.0
1840,2.0
1841,2.0
1842,2.0
1843,2.0
1844,2.0
1845,2.0
1846,2.0
1847,2.0
1848,2.0
1849,2.0
1850,2.0
1851,2.0
1852,2.0
1853,2.0
1854,2.0
1855,2.0
1856,2.0
1857,2.0
1858,2.0
1859,2.0
1860,2.0
1861,2.0
1862,2.0
1863,2.0
1864,2.0
1865,2.0
1866,2.0
1867,2.0
1868,2.0
1869,2.0
1870,2.0
1871,2.0
1872,2.0
1873,2.0
1874,2.0
1875,2.0
1876,2.0
1877,2.0
1878,2.0
1879,2.0
1880,2.0
1881,2.0
1882,2.0
1883,2.0
1884,2.0
1885,2.0
1886,2.0
1887,2.0
1888,2.0
1889,2.0
1890,2.0
1891,2.0
1892,2.0
1893,2.0
1894,2.0
1895,2.0
1896,2.0
1897,2.0
1898,2.0
1899,2.0
1900,2.0
1901,2.0
1902,2.0
1903,2.0
1904,2.0
1905,2.0
1906,2.0
1907,2.0
1908,2.0
1909,2.0
1910,2.0
1911,2.0
1912,2.0
1913,2.0
1914,2.0
1915,2.0
1916,2.0
1917,2.0
1918,2.0
1919,2.0
1920,2.0
1921,2.0
1922,2.0
1923,2.0
1924,2.0
1925,2.0
1926,2.0
1927,2.0
1928,2.0
1929,2.0
1930,2.0
1931,2.0
1932,2.0
1933,2.0
1934,2.0
1935,2.0
1936,2.0
1937,2.0
1938,2.0
1939,2.0
1940,2.0
1941,2.0
1942,2.0
1943,2.0
1944,2.0
1945,2.0
1946,2.0
1947,2.0
1948,2.0
1949,2.0
1950,2.0
1951,2.0
1952,2.0
1953,2.0
1954,2.0
1955,2.0
1956,2.0
1957,2.0
1958,2.0
1959,2.0
1960,2.0
1961,2.0
1962,2.0
1963,2.0
1964,2.0
1965,2.0
1966,2.0
1967,2.0
1968,2.0
1969,2.0
1970,2.0
1971,2.0
1972,2.0
1973,2.0
1974,2.0
1975,2.0
1976,2.0
1977,2.0
1978,2.0
1979,2.0
1980,2.0
1981,2.0
1982,2.0
1983,2.0
1984,2.0
1985,2.0
1986,2.0
1987,2.0
1988,2.0
1989,2.0
1990,2.0
1991,2.0
1992,2.0
1993,2.0
1994,2.0
1995,2.0
1996,2.0
1997,2.0
1998,2.0
1999,2.0
2000,2.0
2001,2.0
2002,2.0
2003,2.0
2004,2.0
2005,2.0
2006,2.0
2007,2.0
2008,2.0
2009,2.0
2010,2.0
2011,2.0
2012,2.0
2013,2.0
2014,2.0
2015,2.0
2016,2.0
2017,2.0
2018,2.0
2019,2.0
2020,2.0
2021,2.0
2022,2.0
2023,2.0
2024,2.0
2025,2.0
2026,2.0
2027,2.0
2028,2.0
2029,2.0
2030,2.0
2031,2.0
2032,2.0
2033,2.0
2034,2.0
2035,2.0
2036,2.0
2037,2.0
2038,2.0
2039,2.0
2040,2.0
2041,2.0
2042,2.0
2043,2.0
2044,2.0
2045,2.0
2046,2.0
2047,2.0
2048,2.0
2049,2.0
2050,2.0
2051,2.0
2052,2.0
2053,2.0
2054,2.0
2055,2.0
2056,2.0
2057,2.0
2058,2.0
2059,2.0
2060,2.0
2061,2.0
2062,2.0
2063,2.0
2064,3.0
2065,3.0
2066,3.0
2067,3.0
2068,3.0
2069,3.0
2070,3.0
2071,3.0
2072,3.0
2073,3.0
2074,3.0
2075,3.0
2076,3.0
2077,3.0
2078,3.0
2079,3.0
2080,3.0
2081,3.0
2082,3.0
2083,3.0
2084,3.0
2085,3.0
2086,3.0
2087,3.0
2088,3.0
2089,3.0
2090,3.0
2091,3.0
2092,3.0
2093,3.0
2094,3.0
2095,3.0
2096,3.0
2097,3.0
2098,3.0
2099,3.0
2100,3.0
2101,3.0
2102,3.0
2103,3.0
2104,3.0
2105,3.0
2106,3.0
2107,3.0
2108,3.0
2109,3.0
2110,3.0
2111,3.0
2112,3.0
2113,3.0
2114,3.0
2115,3.0
2116,3.0
2117,3.0
2118,3.0
2119,3.0
2120,3.0
2121,3.0
2122,3.0
2123,3.0
2124,3.0
2125,3.0
2126,3.0
2127,3.0
2128,3.0
2129,3.0
2130,3.0
2131,3.0
2132,3.0
2133,3.0
2134,3.0
2135,3.0
2136,3.0
2137,3.0
2138,3.0
2139,3.0
2140,3.0
2141,3.0
2142,3.0
2143,3.0
2144,3.0
2145,3.0
2146,3.0
2147,3.0
2148,3.0
2149,3.0
2150,3.0
2151,3.0
2152,3.0
2153,3.0
2154,3.0
2155,3.0
2156,3.0
2157,3.0
2158,3.0
2159,3.0
2160,3.0
2161,3.0
2162,3.0
2163,3.0
2164,3.0
2165,3.0
2166,3.0
2167,3.0
2168,3.0
2169,3.0
2170,3.0
2171,3.0
2172,3.0
2173,3.0
2174,3.0
2175,3.0
2176,3.0
2177,3.0
2178,3.0
2179,3.0
2180,3.0
2181,3.0
2182,3.0
2183,3.0
2184,3.0
2185,3.0
2186,3.0
2187,3.0
2188,3.0
2189,3.0
2190,3.0
2191,3.0
2192,3.0
2193,3.0
2194,3.0
2195,3.0
2196,3.0
2197,3.0
2198,3.0
2199,3.0
2200,3.0
2201,3.0
2202,3.0
2203,3.0
2204,3.0
2205,3.0
2206,3.0
2207,3.0
2208,3.0
2209,3.0
2210,3.0
2211,3.0
2212,3.0
2213,3.0
2214,3.0
2215,3.0
2216,3.0
2217,3.0
2218,3.0
2219,3.0
2220,3.0
2221,3.0
2222,3.0
2223,3.0
2224,3.0
2225,3.0
2226,3.0
2227,3.0
2228,3.0
2229,3.0
2230,3.0
2231,3.0
2232,3.0
2233,3.0
2234,3.0
2235,3.0
2236,3.0
2237,3.0
2238,3.0
2239,3.0
2240,3.0
2241,3.0
2242,3.0
2243,3.0
2244,3.0
2245,3.0
2246,3.0
2247,3.0
2248,3.0
2249,3.0
2250,3.0
2251,3.0
2252,3.0
2253,3.0
2254,3.0
2255,3.0
2256,3.0
2257,3.0
2258,3.0
2259,3.0
2260,3.0
2261,3.0
2262,3.0
2263,3.0
2264,3.0
2265,3.0
2266,3.0
2267,3.0
2268,3.0
2269,3.0
2270,3.0
2271,3.0
2272,3.0
2273,3.0
2274,3.0
2275,3.0
2276,3.0
2277,3.0
2278,3.0
2279,3.0
2280,3.0
2281,3.0
2282,3.0
2283,3.0
2284,3.0
2285,3.0
2286,3.0
2287,3.0
2288,4.0
2289,4.0
2290,4.0
2291,4.0
2292,4.0
2293,4.0
2294,4.0
2295,4.0
2296,4.0
2297,4.0
2298,4.0
2299,4.0
2300,4.0
2301,4.0
2302,4.0
2303,4.0
2304,4.0
2305,4.0
2306,4.0
2307,4.0
2308,4.0
2309,4.0
2310,4.0
2311,4.0
2312,4.0
2313,4.0
2314,4.0
2315,4.0
2316,4.0
2317,4.0
2318,4.0
2319,4.0
2320,4.0
2321,4.0
2322,4.0
2323,4.0
2324,4.0
2325,4.0
2326,4.0
2327,4.0
2328,4.0
2329,4.0
2330,4.0
2331,4.0
2332,4.0
2333,4.0
2334,4.0
2335,4.0
2336,4.0
2337,4.0
2338,4.0
2339,4.0
2340,4.0
2341,4.0
2342,4.0
2343,4.0
2344,4.0
2345,4.0
2346,4.0
2347,4.0
2348,4.0
2349,4.0
2350,4.0
2351,4.0
2352,4.0
2353,4.0
2354,4.0
2355,4.0
2356,4.0
2357,4.0
2358,4.0
2359,4.0
2360,4.0
2361,4.0
2362,4.0
2363,4.0
2364,4.0
2365,4.0
2366,4.0
2367,4.0
2368,4.0
2369,4.0
2370,4.0
2371,4.0
2372,4.0
2373,4.0
2374,4.0
2375,4.0
2376,4.0
2377,4.0
2378,4.0
2379,4.0
2380,4.0
2381,4.0
2382,4.0
2383,4.0
2384,4.0
2385,4.0
2386,4.0
2387,4.0
2388,4.0
2389,4.0
2390,4.0
2391,4.0
2392,4.0
2393,4.0
2394,4.0
2395,4.0
2396,4.0
2397,4.0
2398,4.0
2399,4.0
2400,4.0
2401,4.0
2402,4.0
2403,4.0
2404,4.0
2405,4.0
2406,4.0
2407,4.0
2408,4.0
2409,4.0
2410,4.0
2411,4.0
2412,4.0
2413,4.0
2414,4.0
2415,4.0
2416,4.0
2417,4.0
2418,4.0
2419,4.0
2420,4.0
2421,4.0
2422,4.0
2423,4.0
2424,4.0
2425,4.0
2426,4.0
2427,4.0
2428,4.0
2429,4.0
2430,4.0
2431,6.0
2432,6.0
2433,6.0
2434,6.0
2435,6.0
2436,6.0
2437,6.0
2438,6.0
2439,6.0
2440,6.0
2441,6.0
2442,6.0
2443,6.0
2444,6.0
2445,6.0
2446,6.0
2447,6.0
2448,6.0
2449,6.0
2450,6.0
2451,6.0
2452,6.0
2453,6.0
2454,6.0
2455,6.0
2456,6.0
2457,6.0
2458,6.0
2459,6.0
2460,6.0
2461,6.0
2462,6.0
2463,6.0
2464,6.0
2465,6.0
2466,6.0
2467,6.0
2468,6.0
2469,6.0
2470,6.0
2471,6.0
2472,6.0
2473,6.0
2474,6.0
2475,6.0
2476,6.0
2477,6.0
2478,6.0
2479,6.0
2480,6.0
2481,6.0
2482,6.0
2483,6.0
2484,6.0
2485,6.0
2486,6.0
2487,6.0
2488,6.0
2489,6.0
2490,6.0
2491,6.0
2492,6.0
2493,6.0
2494,6.0
2495,6.0
2496,6.0
2497,6.0
2498,6.0
2499,6.0
2500,6.0
2501,6.0
2502,6.0
2503,6.0
2504,6.0
2505,6.0
2506,6.0
2507,6.0
2508,6.0
2509,6.0
2510,6.0
2511,6.0
2512,6.0
2513,6.0
2514,6.0
2515,6.0
2516,6.0
2517,6.0
2518,6.0
2519,6.0
2520,6.0
2521,6.0
2522,6.0
2523,6.0
2524,6.0
2525,6.0
2526,6.0
2527,6.0
2528,6.0
2529,6.0
2530,6.0
2531,6.0
2532,6.0
2533,6.0
2534,6.0
2535,6.0
2536,6.0
2537,6.0
2538,6.0
2539,6.0
2540,6.0
2541,6.0
2542,6.0
2543,6.0
2544,6.0
2545,6.0
2546,6.0
2547,6.0
2548,6.0
2549,6.0
2550,6.0
2551,6.0
2552,6.0
2553,6.0
2554,6.0
2555,6.0
2556,6.0
2557,6.0
2558,6.0
2559,6.0
2560,6.0
2561,6.0
2562,6.0
2563,6.0
2564,6.0
2565,6.0
2566,6.0
2567,6.0
2568,6.0
2569,6.0
2570,6.0
2571,6.0
2572,6.0
2573,6.0
2574,6.0
2575,6.0
2576,6.0
2577,6.0
2578,6.0
2579,6.0
2580,6.0
2581,6.0
2582,6.0
2583,7.0
2584,7.0
2585,7.0
2586,7.0
2587,7.0
2588,7.0
2589,7.0
2590,7.0
2591,7.0
2592,7.0
2593,7.0
2594,7.0
2595,7.0
2596,7.0
2597,7.0
2598,7.0
2599,7.0
2600,7.0
2601,7.0
2602,7.0
2603,7.0
2604,7.0
2605,7.0
2606,7.0
2607,7.0
2608,7.0
2609,7.0
2610,7.0
2611,7.0
2612,7.0
2613,7.0
2614,7.0
2615,7.0
2616,7.0
2617,7.0
2618,7.0
2619,7.0
2620,7.0
2621,7.0
2622,7.0
2623,7.0
2624,7.0
2625,7.0
2626,7.0
2627,7.0
2628,7.0
2629,7.0
2630,7.0
2631,7.0
2632,7.0
2633,7.0
2634,7.0
2635,7.0
2636,7.0
2637,7.0
2638,7.0
2639,7.0
2640,7.0
2641,7.0
2642,7.0
2643,7.0
2644,7.0
2645,7.0
2646,7.0
2647,7.0
2648,7.0
2649,7.0
2650,7.0
2651,7.0
2652,7.0
2653,7.0
2654,7.0
2655,7.0
2656,7.0
2657,7.0
2658,7.0
2659,7.0
2660,7.0
2661,7.0
2662,7.0
2663,7.0
2664,7.0
2665,7.0
2666,7.0
2667,7.0
2668,7.0
2669,7.0
2670,7.0
2671,7.0
2672,7.0
2673,7.0
2674,7.0
2675,7.0
2676,7.0
2677,7.0
2678,7.0
2679,7.0
2680,7.0
2681,7.0
2682,7.0
2683,7.0
2684,7.0
2685,7.0
2686,7.0
2687,7.0
2688,7.0
2689,7.0
2690,7.0
2691,7.0
2692,7.0
2693,7.0
2694,7.0
2695,7.0
2696,7.0
2697,7.0
2698,7.0
2699,7.0
2700,7.0
2701,7.0
2702,7.0
2703,7.0
2704,7.0
2705,7.0
2706,7.0
2707,7.0
2708,7.0
2709,7.0
2710,7.0
2711,7.0
2712,7.0
2713,7.0
2714,7.0
2715,7.0
2716,7.0
2717,7.0
2718,7.0
2719,7.0
2720,7.0
2721,7.0
2722,7.0
2723,7.0
2724,7.0
2725,7.0
2726,7.0
2727,7.0
2728,7.0
2729,7.0
2730,7.0
2731,7.0
2732,7.0
2733,7.0
2734,7.0
2735,7.0
2736,7.0
2737,7.0
2738,7.0
2739,7.0
2740,7.0
2741,7.0
2742,7.0
2743,7.0
2744,7.0
2745,7.0
2746,7.0
2747,7.0
2748,7.0
2749,7.0
2750,7.0
2751,7.0
2752,7.0
2753,7.0
2754,7.0
2755,7.0
2756,7.0
2757,7.0
2758,8.0
2759,8.0
2760,8.0
2761,8.0
2762,8.0
2763,8.0
2764,8.0
2765,8.0
2766,8.0
2767,8.0
2768,8.0
2769,8.0
2770,8.0
2771,8.0
2772,8.0
2773,8.0
2774,8.0
2775,8.0
2776,8.0
2777,8.0
2778,8.0
2779,8.0
2780,8.0
2781,8.0
2782,8.0
2783,8.0
2784,8.0
2785,8.0
2786,8.0
2787,8.0
2788,8.0
2789,8.0
2790,8.0
2791,8.0
2792,8.0
2793,8.0
2794,8.0
2795,8.0
2796,8.0
2797,8.0
2798,8.0
2799,8.0
2800,8.0
2801,8.0
2802,8.0
2803,8.0
2804,8.0
2805,8.0
2806,8.0
2807,8.0
2808,8.0
2809,8.0
2810,8.0
2811,8.0
2812,8.0
2813,8.0
2814,8.0
2815,8.0
2816,8.0
2817,8.0
2818,8.0
2819,8.0
2820,8.0
2821,8.0
2822,8.0
2823,8.0
2824,8.0
2825,8.0
2826,8.0
2827,8.0
2828,8.0
2829,8.0
2830,8.0
2831,8.0
2832,8.0
2833,8.0
2834,8.0
2835,8.0
2836,8.0
2837,8.0
2838,8.0
2839,8.0
2840,8.0
2841,8.0
2842,8.0
2843,8.0
2844,8.0
2845,8.0
2846,8.0
2847,8.0
2848,8.0
2849,8.0
2850,8.0
2851,8.0
2852,8.0
2853,8.0
2854,8.0
2855,8.0
2856,8.0
2857,8.0
2858,8.0
2859,8.0
2860,8.0
2861,8.0
2862,8.0
2863,8.0
2864,8.0
2865,8.0
2866,8.0
2867,8.0
2868,8.0
2869,8.0
2870,8.0
2871,8.0
2872,8.0
2873,8.0
2874,8.0
2875,8.0
2876,8.0
2877,8.0
2878,8.0
2879,8.0
2880,8.0
2881,8.0
2882,8.0
2883,8.0
2884,8.0
2885,8.0
2886,8.0
2887,8.0
2888,8.0
2889,8.0
2890,8.0
2891,8.0
2892,8.0
2893,8.0
2894,8.0
2895,8.0
2896,8.0
2897,8.0
2898,8.0
2899,8.0
2900,8.0
2901,8.0
2902,8.0
2903,8.0
2904,8.0
2905,8.0
2906,8.0
2907,8.0
2908,8.0
2909,8.0
2910,8.0
2911,8.0
2912,8.0
2913,8.0
2914,8.0
2915,8.0
2916,8.0
2917,8.0
2918,8.0
2919,8.0
2920,8.0
2921,8.0
2922,8.0
2923,8.0
2924,8.0
2925,8.0
2926,8.0
2927,8.0
2928,8.0
2929,8.0
2930,8.0
2931,8.0
2932,8.0
2933,8.0
2934,8.0
2935,8.0
2936,8.0
2937,8.0
2938,8.0
2939,8.0
2940,8.0
2941,8.0
2942,8.0
2943,8.0
2944,8.0
2945,8.0
2946,8.0
2947,8.0
2948,8.0
2949,8.0
2950,8.0
2951,8.0
2952,8.0
2953,8.0
2954,8.0
2955,8.0
2956,8.0
2957,8.0
2958,8.0
2959,8.0
2960,8.0
2961,8.0
2962,8.0
2963,8.0
2964,8.0
2965,8.0
2966,8.0
2967,8.0
2968,8.0
2969,8.0
2970,8.0
2971,8.0
2972,8.0
2973,8.0
2974,8.0
2975,8.0
2976,8.0
2977,8.0
2978,8.0
2979,8.0
2980,8.0
2981,8.0
2982,8.0
2983,8.0
2984,8.0
2985,8.0
2986,8.0
2987,8.0
2988,8.0
2989,8.0
2990,8.0
2991,8.0
2992,8.0
2993,8.0
2994,8.0
2995,8.0
2996,8.0
2997,8.0
2998,8.0
2999,8.0
3000,8.0
3001,8.0
3002,8.0
3003,8.0
3004,8.0
3005,8.0
3006,8.0
3007,8.0
3008,8.0
3009,8.0
3010,8.0
3011,8.0
3012,8.0
3013,8.0
3014,8.0
3015,8.0
3016,8.0
3017,8.0
3018,8.0
3019,8.0
3020,8.0
3021,8.0
3022,8.0
3023,8.0
3024,8.0
3025,8.0
3026,8.0
3027,8.0
3028,8.0
3029,8.0
3030,8.0
3031,8.0
3032,8.0
3033,8.0
3034,8.0
3035,8.0
3036,8.0
3037,8.0
3038,8.0
3039,8.0
3040,9.0
3041,9.0
3042,9.0
3043,9.0
3044,9.0
3045,9.0
3046,9.0
3047,9.0
3048,9.0
3049,9.0
3050,9.0
3051,9.0
3052,9.0
3053,9.0
3054,9.0
3055,9.0
3056,9.0
3057,9.0
3058,9.0
3059,9.0
3060,9.0
3061,9.0
3062,9.0
3063,9.0
3064,9.0
3065,9.0
3066,9.0
3067,9.0
3068,9.0
3069,9.0
3070,9.0
3071,9.0
3072,9.0
3073,9.0
3074,9.0
3075,9.0
3076,9.0
3077,9.0
3078,9.0
3079,9.0
3080,9.0
3081,9.0
3082,9.0
3083,9.0
3084,9.0
3085,9.0
3086,9.0
3087,9.0
3088,9.0
3089,9.0
3090,9.0
3091,9.0
3092,9.0
3093,9.0
3094,9.0
3095,9.0
3096,9.0
3097,9.0
3098,9.0
3099,9.0
3100,9.0
3101,9.0
3102,9.0
3103,9.0
3104,9.0
3105,9.0
3106,9.0
3107,9.0
3108,9.0
3109,9.0
3110,9.0
3111,9.0
3112,9.0
3113,9.0
3114,9.0
3115,9.0
3116,9.0
3117,9.0
3118,9.0
3119,9.0
3120,9.0
3121,9.0
3122,9.0
3123,9.0
3124,9.0
3125,9.0
3126,9.0
3127,9.0
3128,9.0
3129,9.0
3130,9.0
3131,9.0
3132,9.0
3133,9.0
3134,9.0
3135,9.0
3136,9.0
3137,9.0
3138,9.0
3139,9.0
3140,9.0
3141,9.0
3142,9.0
3143,9.0
3144,9.0
3145,9.0
3146,9.0
3147,9.0
3148,9.0
3149,9.0
3150,9.0
3151,9.0
3152,9.0
3153,9.0
3154,9.0
3155,9.0
3156,9.0
3157,9.0
3158,9.0
3159,9.0
3160,9.0
3161,9.0
3162,9.0
3163,9.0
3164,9.0
3165,9.0
3166,9.0
3167,9.0
3168,9.0
3169,9.0
3170,9.0
3171,9.0
3172,9.0
3173,9.0
3174,9.0
3175,9.0
3176,9.0
3177,9.0
3178,9.0
3179,9.0
3180,9.0
3181,9.0
3182,9.0
3183,9.0
3184,9.0
3185,9.0
3186,9.0
3187,9.0
3188,9.0
3189,9.0
3190,9.0
3191,9.0
3192,9.0
3193,9.0
3194,9.0
3195,9.0
3196,9.0
3197,9.0
3198,9.0
3199,9.0
3200,9.0
3201,9.0
3202,9.0
3203,9.0
3204,9.0
3205,9.0
3206,9.0
3207,9.0
3208,9.0
3209,9.0
3210,9.0
3211,9.0
3212,9.0
3213,9.0
3214,9.0
3215,9.0
3216,9.0
3217,9.0
3218,9.0
3219,9.0
3220,9.0
3221,9.0
3222,9.0
3223,9.0
3224,9.0
3225,9.0
3226,9.0
3227,9.0
3228,9.0
3229,9.0
3230,9.0
3231,9.0
3232,9.0
3233,9.0
3234,9.0
3235,9.0
3236,9.0
3237,9.0
3238,9.0
3239,9.0
3240,9.0
3241,9.0
3242,9.0
3243,9.0
3244,9.0
3245,9.0
3246,9.0
3247,9.0
3248,9.0
3249,9.0
3250,9.0
3251,9.0
3252,9.0
3253,9.0
3254,9.0
3255,9.0
3256,9.0
3257,9.0
3258,9.0
3259,9.0
3260,9.0
3261,9.0
3262,9.0
3263,9.0
3264,9.0
3265,9.0
3266,9.0
3267,9.0
3268,9.0
3269,9.0
3270,9.0
3271,9.0
3272,9.0
3273,9.0
3274,9.0
3275,9.0
3276,9.0
3277,9.0
3278,9.0
3279,9.0
3280,9.0
3281,9.0
3282,9.0
3283,9.0
3284,9.0
3285,9.0
3286,9.0
3287,9.0
3288,9.0
3289,9.0
3290,9.0
3291,9.0
3292,9.0
3293,9.0
3294,9.0
3295,9.0
3296,9.0
3297,9.0
3298,9.0
3299,9.0
3300,9.0
3301,9.0
3302,9.0
3303,9.0
3304,9.0
3305,9.0
3306,9.0
3307,9.0
3308,9.0
3309,9.0
3310,9.0
3311,9.0
3312,9.0
3313,9.0
3314,9.0
3315,9.0
3316,9.0
3317,9.0
3318,9.0
3319,9.0
3320,9.0
3321,9.0
3322,9.0
3323,9.0
3324,9.0
3325,9.0
3326,9.0
3327,9.0
3328,9.0
3329,9.0
3330,9.0
3331,9.0
3332,9.0
3333,9.0
3334,9.0
3335,9.0
3336,9.0
3337,9.0
3338,9.0
3339,9.0
3340,9.0
3341,9.0
3342,9.0
3343,9.0
3344,9.0
3345,9.0
3346,9.0
3347,9.0
3348,9.0
3349,9.0
3350,9.0
3351,9.0
3352,9.0
3353,9.0
3354,9.0
3355,9.0
3356,9.0
3357,9.0
3358,9.0
3359,9.0
3360,9.0
3361,9.0
3362,9.0
3363,9.0
3364,9.0
3365,9.0
3366,9.0
3367,9.0
3368,9.0
3369,9.0
3370,9.0
3371,9.0
3372,9.0
3373,10.0
3374,10.0
3375,10.0
3376,10.0
3377,10.0
3378,10.0
3379,10.0
3380,10.0
3381,10.0
3382,10.0
3383,10.0
3384,10.0
3385,10.0
3386,10.0
3387,10.0
3388,10.0
3389,10.0
3390,10.0
3391,10.0
3392,10.0
3393,10.0
3394,10.0
3395,10.0
3396,10.0
3397,10.0
3398,10.0
3399,10.0
3400,10.0
3401,10.0
3402,10.0
3403,10.0
3404,10.0
3405,10.0
3406,10.0
3407,10.0
3408,10.0
3409,10.0
3410,10.0
3411,10.0
3412,10.0
3413,10.0
3414,10.0
3415,10.0
3416,10.0
3417,10.0
3418,10.0
3419,10.0
3420,10.0
3421,10.0
3422,10.0
3423,10.0
3424,10.0
3425,10.0
3426,10.0
3427,10.0
3428,10.0
3429,10.0
3430,10.0
3431,10.0
3432,10.0
3433,10.0
3434,10.0
3435,10.0
3436,10.0
3437,10.0
3438,10.0
3439,10.0
3440,10.0
3441,10.0
3442,10.0
3443,10.0
3444,10.0
3445,10.0
3446,10.0
3447,10.0
3448,10.0
3449,10.0
3450,10.0
3451,10.0
3452,10.0
3453,10.0
3454,10.0
3455,10.0
3456,10.0
3457,10.0
3458,10.0
3459,10.0
3460,10.0
3461,10.0
3462,10.0
3463,10.0
3464,10.0
3465,10.0
3466,10.0
3467,10.0
3468,10.0
3469,10.0
3470,10.0
3471,10.0
3472,10.0
3473,10.0
3474,10.0
3475,10.0
3476,10.0
3477,10.0
3478,10.0
3479,10.0
3480,10.0
3481,10.0
3482,10.0
3483,10.0
3484,10.0
3485,10.0
3486,10.0
3487,10.0
3488,10.0
3489,10.0
3490,10.0
3491,10.0
3492,10.0
3493,10.0
3494,10.0
3495,10.0
3496,10.0
3497,10.0
3498,10.0
3499,10.0
3500,10.0
3501,10.0
3502,10.0
3503,10.0
3504,10.0
3505,10.0
3506,10.0
3507,10.0
3508,10.0
3509,10.0
3510,10.0
3511,10.0
3512,10.0
3513,10.0
3514,10.0
3515,10.0
3516,10.0
3517,10.0
3518,10.0
3519,10.0
3520,10.0
3521,10.0
3522,10.0
3523,10.0
3524,10.0
3525,10.0
3526,10.0
3527,10.0
3528,10.0
3529,10.0
3530,10.0
3531,10.0
3532,10.0
3533,10.0
3534,10.0
3535,10.0
3536,10.0
3537,10.0
3538,10.0
3539,10.0
3540,10.0
3541,10.0
3542,10.0
3543,10.0
3544,10.0
3545,10.0
3546,10.0
3547,10.0
3548,10.0
3549,10.0
3550,10.0
3551,10.0
3552,10.0
3553,10.0
3554,10.0
3555,10.0
3556,10.0
3557,10.0
3558,10.0
3559,10.0
3560,10.0
3561,10.0
3562,10.0
3563,10.0
3564,10.0
3565,10.0
3566,10.0
3567,10.0
3568,10.0
3569,10.0
3570,10.0
3571,10.0
3572,10.0
3573,10.0
3574,10.0
3575,10.0
3576,10.0
3577,10.0
3578,10.0
3579,10.0
3580,10.0
3581,10.0
3582,10.0
3583,10.0
3584,10.0
3585,10.0
3586,10.0
3587,10.0
3588,10.0
3589,10.0
3590,10.0
3591,10.0
3592,10.0
3593,10.0
3594,10.0
3595,10.0
3596,10.0
3597,10.0
3598,10.0
3599,10.0
3600,10.0
3601,10.0
3602,10.0
3603,10.0
3604,10.0
3605,10.0
3606,10.0
3607,10.0
3608,10.0
3609,10.0
3610,10.0
3611,10.0
3612,10.0
3613,10.0
3614,10.0
3615,10.0
3616,10.0
3617,10.0
3618,10.0
3619,10.0
3620,10.0
3621,10.0
3622,10.0
3623,10.0
3624,10.0
3625,10.0
3626,10.0
3627,10.0
3628,10.0
3629,10.0
3630,10.0
3631,10.0
3632,10.0
3633,10.0
3634,10.0
3635,10.0
3636,10.0
3637,10.0
3638,10.0
3639,10.0
3640,10.0
3641,10.0
3642,10.0
3643,10.0
3644,10.0
3645,10.0
3646,10.0
3647,10.0
3648,10.0
3649,10.0
3650,10.0
3651,10.0
3652,10.0
3653,10.0
3654,10.0
3655,10.0
3656,10.0
3657,10.0
3658,10.0
3659,10.0
3660,10.0
3661,10.0
3662,10.0
3663,10.0
3664,10.0
3665,10.0
3666,10.0
3667,10.0
3668,10.0
3669,10.0
3670,10.0
3671,10.0
3672,10.0
3673,10.0
3674,10.0
3675,10.0
3676,10.0
3677,10.0
3678,10.0
3679,10.0
3680,10.0
3681,10.0
3682,10.0
3683,10.0
3684,10.0
3685,10.0
3686,10.0
3687,10.0
3688,10.0
3689,10.0
3690,10.0
3691,10.0
3692,10.0
3693,10.0
3694,10.0
3695,10.0
3696,10.0
3697,10.0
3698,10.0
3699,10.0
3700,10.0
3701,10.0
3702,10.0
3703,10.0
3704,10.0
3705,10.0
3706,10.0
